supplier_name_key,variants,legal_names,raw_value
BELLTEXTRONCANADA,2,Bell Textron Canada Limited | Bell Textron Canada limitée,6850975190.36
GENERALATOMICSAERONAUTICALSYSTEMS,2,"General Atomics Aeronautical Systems, Inc. | General Atomics Aeronautical Systems, Inc",3606296653.94
MACDONALDDETTWILERANDASSOCIATES,2,"MacDONALD DETTWILER AND ASSOCIATES CORPORATION | MacDonald, Dettwiler and Associates Inc.",3428649993.30
MDASYSTEMS,3,MDA Systems Ltd. | MDA SYSTEMS LTD | MDA SYSTEMS LTD.,3286402730.49
PMGTECHNOLOGIES,2,PMG TECHNOLOGIES INC. | PMG TECHNOLOGIES,2449803756.79
LOCKHEEDMARTINCANADA,2,LOCKHEED MARTIN CANADA INC. | Lockheed Martin Canada Inc.,1922761148.56
ACCENTURE,2,Accenture Inc. | Accenture Inc,1800301981.29
INDUSTRIESOCEAN,2,Industries Océan | INDUSTRIES OCEAN INC,674809803.88
STJOHNSDOCKYARD,2,St. John's Dockyard Ltd. | St John's Dockyard Limited,651286055.30
DELOITTE,3,DELOITTE LLP | Deloitte Inc. | Deloitte LLP,532207655.26
AXONPUBLICSAFETYCANADA,2,"Axon Public Safety Canada Inc. | Axon Public Safety, Canada",464399172.00
COLTCANADA,2,COLT CANADA CORPORATION | Colt Canada Corporation,348299148.60
CALIAN,2,CALIAN LTD. | Calian Ltd.,332181673.09
IBMCANADAIBMCANADA,2,IBM CANADA LIMITED/IBM CANADA LIMITÉE | IBM Canada Limited/IBM Canada Limitée,201025379.77
CAE,2,CAE Inc. | CAE,188542647.55
WSPCANADA,3,WSP Canada Inc. | WSP CANADA INC | WSP Canada Inc,187466043.65
BIRDCONSTRUCTIONGROUP,2,Bird Construction Group | BIRD CONSTRUCTION GROUP,183634016.33
CONSTRUCTIONPOLARISCMM,2,Construction Polaris CMM inc | Construction Polaris CMM inc.,160165356.65
IRVINGOIL,2,Irving Oil Limited | IRVING OIL LIMITED,154446400.16
RAPISCANSYSTEMS,2,"Rapiscan Systems | Rapiscan Systems, Inc.",152195837.94
SUNCORENERGYPRODUCTSPARTNERSHIP,2,SUNCOR ENERGY PRODUCTS PARTNERSHIP | Suncor Energy Products Partnership,136852968.68
ABCOINDUSTRIES,2,ABCO Industries Limited | ABCO Industries Inc.,125664174.75
IBISKATELECOM,2,IBISKA TELECOM INC | IBISKA Telecom Inc,120962541.73
COLLIERSPROJECTLEADERSCOLLIERSMAITRESDEPROJETS,2,COLLIERS PROJECT LEADERS INC. COLLIERS MAÎTRES DE PROJETS INC | COLLIERS PROJECT LEADERS INC. COLLIERS MAÎTRES DE PROJETS INC.,109286473.23
CANADIANMARITIMEENGINEERING,2,Canadian Maritime Engineering Ltd | Canadian Maritime Engineering Limited,107586580.20
MDAGEOSPATIALSERVICES,2,MDA Geospatial Services Inc. | MDA GEOSPATIAL SERVICES INC.,94175841.00
VOYAGEURAVIATION,2,Voyageur Aviation Corp. | Voyageur Aviation Corp,93246068.22
EMERGENTBIOSOLUTIONSCANADA,2,Emergent BioSolutions Canada | Emergent BioSolutions Canada Inc.,78345531.15
ENGLOBE,2,Englobe Corp. | ENGLOBE CORP.,75745637.37
ROHDESCHWARZCANADA,3,"Rohde & Schwarz Canada, Inc | Rohde & Schwarz Canada Inc. | ROHDE & SCHWARZ CANADA INC",72198722.51
CUBICDEFENSEAPPLICATIONS,2,"CUBIC DEFENSE APPLICATIONS, INC. | Cubic Defense Applications, Inc.",70496720.00
BCSAUTOMATION,2,BCS automation ltd. | BCS Automation,69114865.10
AECOMCANADA,2,AECOM Canada Ltd. | AECOM Canada ULC,67848481.30
COMPASSGROUPCANADA,3,COMPASS GROUP CANADA | Compass Group Canada Ltd | Compass Group Canada,65424141.94
L3HARRISMAPPS,2,L3Harris MAPPS Inc. | L3HARRIS MAPPS Inc.,62788499.81
GRIFFINENGINEEREDSYSTEMS,2,Griffin Engineered Systems Inc | GRIFFIN Engineered Systems Inc.,58707735.50
ZODIACHURRICANETECHNOLOGIES,2,"Zodiac Hurricane Technologies, Inc. | Zodiac Hurricane Technologies Inc.",58653053.67
TITANBOATS,2,TITAN BOATS LTD. | TITAN BOATS LTD,58438324.58
RANDSTADINTERIM,2,Randstad Interim Inc | Randstad Interim Incorporated,54592463.46
TOROMONTINDUSTRIESINDUSTRIESTOROMONT,3,TOROMONT INDUSTRIES LTD./ INDUSTRIES TOROMONT LTEE. | TOROMONT INDUSTRIES LTD./ INDUSTRIES TOROMONT LTEE | Toromont Industries Ltd./ Industries Toromont Ltee,53985844.56
BAESYSTEMSCANADA,2,BAE Systems (Canada) Inc. | BAE SYSTEMS (CANADA) INC.,53508221.00
HIKEMETALPRODUCTS,2,Hike Metal Products Ltd. | Hike Metal Products Limited,46799173.32
WARTSILACANADA,3,"WARTSILA CANADA, INCORPORATED | Wartsila Canada Inc | Wärtsilä Canada Inc",45360827.00
ABB,3,ABB Inc. | ABB Inc | ABB inc.,41928486.94
BLACKMCDONALD,4,Black & McDonald Ltd. | BLACK MCDONALD LIMITED | BLACK & MCDONALD LIMITED | Black & McDonald Limited,36779148.56
CONSTRUCTIONLFG,2,Construction LFG | Construction LFG inc.,36054834.22
SERVICESPETROLIERSMT,2,Services Pétroliers M.T. Inc | SERVICES PETROLIERS MT INC.,35998451.16
ADVANCEDCHIPPEWATECHNOLOGIES,2,Advanced Chippewa Technologies Incorporated | ADVANCED CHIPPEWA TECHNOLOGIES INC.,35938703.66
INTEROPCANADA,2,"Inter-Op Canada Inc. | Inter-Op Canada, Inc.",31419677.23
TRPETROLEUM,2,TR Petroleum | TR PETROLEUM LTD,29436318.45
SALESFORCECANADA,2,Salesforce Canada | salesforce canada,28469441.92
SCASHIPPINGCONSULTANTSASSOCIATED,2,S.C.A.-Shipping Consultants Associated Ltd. | S.C.A. - Shipping Consultants Associated LTD,27589707.17
AGILENTTECHNOLOGIESCANADA,2,Agilent Technologies Canada Inc | AGILENT TECHNOLOGIES CANADA INC,26692090.46
RHEINMETALLCANADA,2,Rheinmetall Canada inc. | RHEINMETALL CANADA INC.,26549299.01
SYSCOCANADA,2,"Sysco Canada, inc. | Sysco Canada, Inc.",26129973.34
CADEX,2,CADEX INC. | Cadex Inc,24588800.00
COMMERCIALTRUCKEQUIPMENT,2,COMMERCIAL TRUCK EQUIPMENT CORP | Commercial truck equipment,24216853.36
PATLONAIRCRAFTINDUSTRIES,2,Patlon Aircraft & Industries Limited | Patlon Aircraft & Industries,22628388.10
GRIFFONHOVERWORK,2,Griffon Hoverwork Limited | GRIFFON HOVERWORK LIMITED,21854275.77
ORACLECANADA,2,Oracle Canada ULC | Oracle Canada,21721815.55
WAJAX,3,Wajax Limited | Wajax limited | Wajax Corp,18808698.43
HORIZANT,2,Horizant Inc. | Horizant Inc,18419900.12
PENNANTCANADA,2,Pennant Canada Limited | PENNANT CANADA LIMITED,17387666.00
DEWENGINEERINGANDDEVELOPMENT,2,DEW Engineering and Development ULC. | DEW Engineering and Development ULC,16459791.86
BOUTHILLETTEPARIZEAU,2,Bouthillette Parizeau Inc. | BOUTHILLETTE PARIZEAU INC.,16056078.87
GREENINFRASTRUCTUREPARTNERS,2,Green Infrastructure Partners | Green Infrastructure Partners Inc.,15730317.15
OLINWINCHESTER,2,"Olin Winchester LLC | Olin Winchester, LLC",15705572.00
SOFTSIMTECHNOLOGIES,2,SoftSim Technologies Inc | SOFTSIM TECHNOLOGIES INC,15705342.00
CLCONSTRUCTIONOTTAWA,2,C & L Construction Ottawa Ltd | C&L Construction Ottawa Limited,15221790.96
CHANDOSCONSTRUCTION,2,Chandos Construction | CHANDOS CONSTRUCTION LP,14430079.02
ALSCANADA,2,ALS Canada | ALS Canada Ltd.,14267000.00
GFLENVIRONMENTALSERVICES,2,GFL Environmental Services INC. | GFL Environmental Services Inc.,13900471.17
THERMOFISHERSCIENTIFICMISSISSAUGA,2,Thermo Fisher Scientific (Mississauga) Inc. | THERMO FISHER SCIENTIFIC (MISSISSAUGA) INC.,13896145.23
ADORTECH,2,Ador tech Inc. | ADOR Tech Inc.,13644335.84
COVEOSOLUTIONS,2,COVEO SOLUTIONS INC. | Coveo Solutions Inc.,13302580.75
MCELHANNEY,2,McElhanney  Ltd | McElhanney Ltd,13062846.70
ANSYSGOVERNMENTINITIATIVES,2,Ansys Government Initiatives | ANSYS GOVERNMENT INITIATIVES INC,12100557.72
ADVANCEDENERGYMANAGEMENT,3,ADVANCED ENERGY MANAGEMENT LIMITED | Advanced Energy Management Ltd. | Advanced Energy Management,11873089.00
LEVITTSAFETY,3,LEVITT SAFETY LTD | Levitt-Safety Limited | LEVITT-SAFETY LIMITED,11691154.62
SFCENERGY,2,SFC Energy LTD | SFC ENERGY LTD.,11558698.40
EBSCOCANADA,2,EBSCO Canada Ltd | EBSCO Canada Ltd.,11411130.30
GOODYEARCANADA,2,Goodyear Canada inc. | Goodyear Canada Inc.,11400000.00
DATACOMMUNICATIONSMANAGEMENT,2,DATA COMMUNICATIONS MANAGEMENT CORP | DATA Communications Management,11235056.58
MILAEROELECTRONICSATLANTIC,2,MIL-AERO ELECTRONICS ATLANTIC INC | Mil-Aero Electronics Atlantic Inc.,10870406.00
VIPOND,2,Vipond Inc. | Vipond Inc,10509252.99
GRAYBRIDGEINTERNATIONALCONSULTING,2,Graybridge International Consulting Inc | Graybridge International Consulting Inc.,10242731.84
KEYSIGHTTECHNOLOGIESCANADA,2,Keysight Technologies Canada Inc. | Keysight Technologies Canada Inc,10094342.65
TERMA,2,Terma Inc. | Terma Inc,10020688.52
PREMIERCONTINUUM,2,PREMIER CONTINUUM INC | Premier Continuum Inc.,9951076.50
DATACENTREINTELLIGENCE,2,Data Centre Intelligence | Data Centre Intelligence Inc.,9945710.00
AINSWORTH,2,Ainsworth Inc | AINSWORTH INC.,9920849.42
HAWBOLDTINDUSTRIES1989,2,HAWBOLDT INDUSTRIES (1989) LTD | HAWBOLDT INDUSTRIES (1989) LIMITED,9600289.00
LESENTREPRISESSAMSONENTERPRISES,2,LES ENTREPRISES SAMSON ENTERPRISES LTEE. | Les Entreprises Samson Enterprises Ltee,9559549.80
ATSTRAFFIC,2,ATS Traffic Ltd | ATS Traffic,9515194.54
PARSONS,2,Parsons Inc. | PARSONS INC.,9478980.70
VOLVOCARCANADA,2,Volvo Car Canada Ltd. | Volvo Car Canada Limited,9436511.05
SERCOCANADAMARINE,2,SERCO CANADA MARINE CORPORATION | Serco Canada Marine Corporation,8927386.00
POINTHOPEMARITIME,2,Point Hope Maritime | Point Hope Maritime Ltd.,8759765.57
KONGSBERGMARITIMECANADA,3,Kongsberg Maritime Canada Limited | KONGSBERG MARITIME CANADA LTD. | Kongsberg Maritime Canada Ltd.,8463028.23
WASTECONNECTIONSOFCANADA,2,Waste Connections of Canada Inc | Waste Connections of Canada,8300700.07
HOSKINSCIENTIFIC,2,Hoskin Scientific Ltd. | Hoskin Scientific Limited,8283462.60
ABSCIEX,2,AB Sciex LP | AB SCIEX LLC,8098031.98
INTERGRAPHCANADA,2,INTERGRAPH CANADA ULC | Intergraph Canada Ltd.,8082281.25
IPSS,2,iPSS Inc. | IPSS INC.,8038548.53
TECHNOMICS,2,"Technomics Inc | Technomics, Inc.",8000000.00
CONVERGINTTECHNOLOGIES,2,CONVERGINT TECHNOLOGIES LTD | CONVERGINT TECHNOLOGIES LTD.,7717255.22
UNIVERSITYOFBRITISHCOLUMBIA,2,The University of British Columbia | University of British Columbia,7657517.66
ALTISHUMANRESOURCESOTTAWA,2,Altis Human Resources (Ottawa) Inc. | Altis Human Resources (Ottawa) Inc,7425545.40
KONGSBERGDISCOVERYCANADA,2,Kongsberg Discovery Canada | KONGSBERG DISCOVERY CANADA LTD.,7336455.63
HAMILTONHEALTHSCIENCES,2,Hamilton Health Sciences | HAMILTON HEALTH SCIENCES CORP,7264889.98
GLOBVISION,2,GlobVision Inc. | GLOBVISION INC,7241385.21
RRINTERNATIONALTRANSLATIONSPECIALISTS,3,R&R INTERNATIONAL TRANSLATION SPECIALISTS INC | R & R INTERNATIONAL TRANSLATION SPECIALISTS INC. | R&R International Translation Specialists Inc.,7033137.50
CARMICHAELENGINEERING,2,Carmichael Engineering Ltd | Carmichael Engineering Ltd.,6890471.20
IMPGROUP,2,I.M.P. GROUP LIMITED | I.M.P GROUP LIMITED,6576010.52
TELEDYNEDIGITALIMAGING,2,"TELEDYNE DIGITAL IMAGING, INC. | Teledyne Digital Imaging, Inc.",6112988.48
PENNECONHYDRAULICSYSTEMS,2,PENNECON HYDRAULIC SYSTEMS LIMITED | Pennecon Hydraulic Systems Limited,6023902.95
FINNINGINTERNATIONAL,2,FINNING INTERNATIONAL INC | FINNING INTERNATIONAL INC.,6000000.00
MCKESSONCANADA,2,McKesson Canada | McKesson Canada Corporation,5824768.22
WOODMACKENZIE,2,Wood Mackenzie | Wood Mackenzie Inc,5557726.11
CIMACANADA,2,CIMA Canada Inc. | CIMA CANADA INC.,5501135.00
AESENGINEERING,2,AES Engineering Ltd. | AES Engineering Ltd,5478705.33
BRONSWERKMARINE,2,BRONSWERK MARINE INC. | Bronswerk Marine Inc.,5384975.64
PALFINGERMARINECANADA,2,"Palfinger Marine Canada Inc | Palfinger Marine Canada, Inc.",5257314.38
TOMLINSONENVIRONMENTALSERVICES,2,Tomlinson Environmental Services Ltd | Tomlinson Environmental Services,5195305.71
NORTHERNLIGHTSPETROLEUM,2,Northern Lights Petroleum Ltd | Northern Lights Petroleum,5171336.70
JASTRAMTECHNOLOGIES,2,JASTRAM TECHNOLOGIES | Jastram Technologies Ltd,5157697.03
TCITRANSLATORSCONFERENCEINTERPRETERS,2,"TCI TRANSLATORS, CONFERENCE INTERPRETERS INC. | TCI Translators Conference Interpreters Inc.",4863510.50
SIEMENSENERGYCANADA,2,SIEMENS ENERGY CANADA LTD | SIEMENS ENERGY CANADA LIMITED,4800000.00
AIRBUSHELICOPTERSCANADA,2,Airbus Helicopters Canada Limited | AIRBUS HELICOPTERS CANADA LIMITED,4739462.65
RADIOWORLD,2,"Radioworld, Inc | Radioworld, Inc.",4696407.62
SIEMENSCANADA,3,Siemens Canada | Siemens Canada limité | Siemens Canada Limitee,4666220.60
JOSETTEDUCHESNE,2,JOSETTE DUCHESNE | Josette Duchesne,4190040.00
ZENTEK,2,ZENTEK LTD | Zentek Ltd.,4143666.84
L3HARRISTECHNOLOGIES,2,"L3Harris Technologies, Inc. | L3Harris Technologies Inc.",4012537.00
JALARUE,2,J.A. Larue Inc. | JA LARUE INC,3948723.71
ENVIROSAFEJANITORIAL,2,Envirosafe Janitorial Inc. | Envirosafe Janitorial,3939966.05
BRANDTTRACTOR,2,Brandt Tractor Ltd. | Brandt Tractor Ltd,3902498.91
MALLENGOWINGBERZINSARCHITECTURE,2,Mallen Gowing Berzins Architecture | MALLEN GOWING BERZINS ARCHITECTURE INCORPORATED,3862838.82
1X1ARCHITECTURE,2,1x1 architecture inc. | 1x1 architecture,3786849.90
CANAMPLATFORMSCONSTRUCTION,2,Can-Am Platforms & Construction Ltd. | Can-AM Platforms & Construction Ltd.,3684608.47
POLESTARAUTOMOTIVECANADA,2,Polestar Automotive Canada Inc. | Polestar Automotive Canada inc.,3661538.00
WEATHERHAVENGLOBALRESOURCES,2,WEATHERHAVEN GLOBAL RESOURCES LTD. | Weatherhaven Global Resources Ltd.,3618820.59
MARINENAV,2,MarineNav Ltd | MarineNav,3428957.00
HARBOURSIDEENGINEERINGCONSULTANTS,2,Harbourside Engineering Consultants | HARBOURSIDE ENGINEERING CONSULTANTS,3340555.84
LANCESOFT,2,"LANCESOFT INC. | LanceSoft, Inc.",3210000.00
UPSTAFFEMPLOYMENTSERVICES,2,Upstaff employment services | Upstaff Employment Services Inc,3210000.00
ALLIEDMARINEINDUSTRIAL,2,ALLIED MARINE & INDUSTRIAL INC. | Allied Marine & Industrial Inc.,3199824.06
OPENTEXT,4,Opentext Corporation | OpenText | OPEN TEXT CORPORATION | Open Text Corporation,3170084.03
MESSERCANADA,2,Messer Canada Inc. | Messer Canada inc.,3033167.27
WESTOWERCOMMUNICATIONS,2,Westower Communications | Westower Communications Ltd,2960038.20
LEMAYAI,2,"Lemay.ai | Lemay.ai, Inc.",2957883.54
MACKAYCOMMUNICATIONSCANADA,2,Mackay Communications Canada | Mackay Communications Canada Inc,2879530.80
GODEEPINTERNATIONAL,2,Go Deep International Inc. | Go Deep International Inc,2817186.08
AIRLIQUIDECANADA,6,"Air Liquide Canada | Air Liquide Canada Inc | Air Liquide Canada Inc. | AIR LIQUIDE CANADA INC | AIR LIQUIDE CANADA | Air Liquide Canada Inc.,",2695485.48
OTISCANADA,4,"OTIS CANADA INC | Otis Canada, Inc | Otis Canada Inc. | Otis Canada, Inc.",2605269.24
CONCEPTCONTROLS,2,CONCEPT CONTROLS INC. | CONCEPT CONTROLS INC,2579694.38
SEACOASTMARINEELECTRONICS,2,Seacoast Marine Electronics Ltd | Seacoast Marine Electronics Ltd.,2339208.75
MILLERWASTESYSTEMS,2,Miller Waste Systems | Miller Waste Systems Inc.,2328472.20
BLACKANDMCDONALD,2,Black and McDonald Ltd | Black and McDonald Limited,2306737.93
GLOBALSHIPSOLUTIONS,2,Global Ship Solutions Inc. | Global Ship Solutions,2290560.13
PITCHBOOKDATA,2,"PitchBook Data | PitchBook Data, Inc.",2275217.18
UBIQUSCANADA,2,UBIQUS CANADA INC. | Ubiqus Canada,2265007.50
BRSINNOVATIONS,2,BRS Innovations | BRS Innovations Inc,2216400.96
DELCOAUTOMATION,2,Delco Automation Inc | Delco Automation Inc.,2201220.00
GORDONFOODSERVICECANADA,2,Gordon Food Service Canada LTD | Gordon Food Service Canada Ltd.,2161003.00
NIKONCANADA,2,Nikon Canada Inc | NIKON CANADA INC.,2143197.43
KENNBOREKAIR,2,KENN BOREK AIR LTD. | KENN BOREK AIR LTD,2139430.73
BRUKERAXS,2,Bruker AXS Inc. | Bruker AXS LLC,2042167.64
TOTALPOWER,2,TOTAL POWER LIMITED | Total Power Limited,2033104.11
3GAMARINE,2,3GA Marine Ltd. | 3GA Marine Ltd,2032856.00
ATLANTICBUSINESSINTERIORS,2,Atlantic Business Interiors Limited | Atlantic Business Interiors,2014035.42
KONE,3,KONE | KONE Inc. | KONE INC,1919077.58
QIAGEN,2,QIAGEN INC. | Qiagen,1910372.45
NAUTICART,2,Nautic & Art | NAUTIC & ART INC.,1890854.75
INFOTECHRESEARCHGROUP,2,INFO-TECH RESEARCH GROUP INC. | Info-Tech Research Group Inc.,1874519.45
SYMCOMMUNICATIONS,2,SYM Communications inc. | Sym Communications inc.,1863744.75
SLITHERINESOFTWAREUK,2,SLITHERINE SOFTWARE UK LIMITED | Slitherine Software UK Ltd,1855117.73
TERRASERVICES,2,TERRA SERVICES INC | Terra Services Inc.,1832600.00
JETVAC,2,Jetvac Inc. | JETVAC INC,1761882.13
LESCONSTRUCTIONSDESILES,2,Les Constructions des iles Inc | Les Constructions des Îles inc,1738994.12
GIPTECHNICALSOLUTIONS,2,GIP Technical Solutions | GIP Technical Solutions Ltd.,1703237.80
APRONFUELSERVICES,2,Apron Fuel Services Inc. | Apron Fuel Services Inc,1699558.42
AEROSUPPLIES,2,AERO SUPPLIES INC | AERO SUPPLIES INC.,1681978.11
DESIGNMAINTENANCESYSTEMS,2,DESIGN MAINTENANCE SYSTEMS INC. | Design Maintenance Systems Inc.,1631030.24
SCHOTTEL,2,SCHOTTEL INC | Schottel Inc,1629749.54
SUPERWAKE,2,superwake ltd. | Superwake Ltd.,1575209.42
HERMONTMARINE,2,hermont Marine inc | Hermont Marine Inc,1562871.00
ILLUMINACANADA,2,ILLUMINA CANADA ULC | Illumina Canada ULC,1436648.79
LWTABCOMMUNICATIONS,2,LWTAB COMMUNICATIONS INC. | LWTAB COMMUNICATIONS INC,1337159.00
PRIMEENGINEERING,2,Prime Engineering Ltd | Prime Engineering Ltd.,1303831.90
GARTNERCANADA,3,Gartner Canada Co. | GARTNER CANADA CO | GARTNER CANADA,1259095.05
PAMELACOSSETTEVOYER,2,Pamela Cossette-Voyer inc | Pamela Cossette-Voyer Inc.,1225634.00
SPATIALTECHNOLOGIES2017,2,Spatial Technologies(2017) Inc | Spatial Technologies (2017) Inc.,1218737.13
SIEMENSHEALTHCARE,2,SIEMENS HEALTHCARE LIMITED | Siemens Healthcare Limited,1202004.24
UNIVERSITYOFMANITOBA,2,The University of Manitoba | University of Manitoba,1158491.00
FACTAGLOBAL,2,FACTA GLOBAL Inc. | FACTA GLOBAL INC,1140284.50
INFORMAUK,2,INFORMA UK LTD | Informa UK Ltd,1121395.52
TKELEVATORCANADA,2,TK Elevator (Canada) Limited | TK ELEVATOR (CANADA) LIMITED,1110274.37
ANTHONYMACAULEYASSOCIATESVICTORIA,2,"Anthony Macauley & Associates (Victoria) Inc | Anthony, Macauley & Associates (Victoria) Inc.",1093468.71
UNIVERSITELAVAL,2,Université Laval | Universite Laval,1050427.52
L3TECHNOLOGIES,2,"L3 TECHNOLOGIES INC | L3 Technologies, Inc.",1048481.76
WESCODISTRIBUTIONCANADA,2,WESCO DISTRIBUTION CANADA LP | Wesco Distribution Canada LP,1030023.30
TOERSASECURITY,2,TOERSA Security Inc. | TOERSA Security Inc,1024412.98
ARGUSMEDIA,2,Argus Media Inc | Argus Media Inc.,1005104.51
MEGALEXISCOMMUNICATIONS,2,Megalexis communications inc. | Mégalexis communications Inc.,979588.50
SHICANADA,2,SHI CANADA ULC | SHI Canada ULC,969263.26
THERMOENERGIE,2,Thermo-Énergie | Thermo-energie,885705.34
FORUMENERGYTECHNOLOGIESUK,2,Forum Energy Technologies (UK) Ltd | Forum Energy Technologies (UK) LIMITED,840000.00
DESMICANADA,2,DESMI Canada Inc. | DESMI CANADA INC,829560.71
REDHEADEQUIPMENT,2,Redhead Equipment | REDHEAD EQUIPMENT,815625.00
ATLANTICCOMPRESSEDAIR,2,Atlantic Compressed Air Ltd. | ATLANTIC COMPRESSED AIR LTD,800685.92
GRANDINTERNATIONALIMPORTEXPORT,2,Grand international import export inc. | Grand International Import Export inc,767271.00
INTERPRETATIONSIGNESETPAROLES,2,INTERPRÉTATION SIGNES ET PAROLES INC. | Interprétation signes et paroles inc.,735840.00
SUPERIORPROPANE,2,SUPERIOR PROPANE | Superior Propane,735684.16
MOTIONINDUSTRIESCANADA,2,"Motion Industries Canada Inc. | Motion Industries (Canada), Inc",715884.82
SEPTENTRIO,2,SEPTENTRIO INC | Septentrio Inc,688491.64
CADMICROSOLUTIONS,2,CAD MicroSolutions Inc. | CAD MicroSolutions Inc,653197.00
BUREAUVERITASCANADA2019,2,Bureau Veritas Canada (2019) | Bureau Veritas Canada (2019) Inc.,596225.15
QINETIQ,2,QinetiQ Ltd | QinetiQ Limited,574987.70
WICOMSOLUTIONS,2,Wi-Com Solutions Inc. | Wi-Com Solutions,566155.73
ADVANIS,2,Advanis Inc | Advanis Inc.,547715.96
SDLINTERNATIONALCANADA,2,SDL international (Canada) Inc | SDL International (Canada) Inc.,532768.46
GRANDTOY,2,GRAND & TOY LIMITED | Grand & Toy Limited,518458.21
PRIMEXPROJECTMANAGEMENT,2,Primex Project Management Ltd | Primex Project Management Limited,514157.41
SECURITAS,2,Securitas NV/SA | Securitas SA,511920.00
SPARK,2,Spark & Co | Spark Inc,492194.08
FREEDOMDIVINGSYSTEMS,2,Freedom Diving Systems | Freedom Diving Systems Ltd,486276.00
HOSPITALFORSICKCHILDREN,2,The Hospital for Sick Children | The Hospital For Sick Children,468449.93
LINDAPOGOR,2,Linda Pogor | LINDA POGOR,459900.00
DMARKBIOSCIENCES,2,D-Mark Biosciences Inc. | D-MARK Biosciences,451737.70
GOVERNORSOFUNIVERSITYOFCALGARY,2,THE GOVERNORS OF THE UNIVERSITY OF CALGARY | The Governors of the University of Calgary,445465.39
IWKHEALTHCENTRE,2,IWK Health Centre | I W K HEALTH CENTRE,441657.50
MEMORIALUNIVERSITYOFNEWFOUNDLAND,2,Memorial University of Newfoundland | Memorial University of Newfoundland.,402762.00
ANNAFIECHTER,2,ANNA FIECHTER | Anna Fiechter,402280.00
LINDECANADA,3,Linde Canada Inc | LINDE CANADA INC | Linde canada Inc,398516.87
MSCINDUSTRIALSUPPLY,2,MSC Industrial Supply ULC | MSC Industrial Supply Co ULC,375000.00
LIEBHERRCANADA,2,Liebherr-Canada Ltd | Liebherr-Canada Ltd.,373834.62
SIEMENSINDUSTRYSOFTWARESIEMENSLOGICIELSINDUSTRIE,2,"SIEMENS INDUSTRY SOFTWARE ULC/SIEMENS LOGICIELS (INDUSTRIE),Ulc | SIEMENS INDUSTRY SOFTWARE ULC/SIEMENS LOGICIELS (INDUSTRIE),ULC",369634.04
MVCOCEAN,2,MVC Ocean Inc. | MVC OCEAN Inc.,357802.20
SOURCEATLANTIC,2,Source Atlantic Ltd. | Source Atlantic Ltd,332270.00
FRESHDIRECTPRODUCE,2,Fresh Direct Produce | FRESH DIRECT PRODUCE LTD,300000.00
BIOLOG,2,BIOLOG | BIOLOG INC,279933.27
1000389644ONTARIO,2,1000389644 Ontario INC | 1000389644 Ontario Inc,266746.00
LESTRADUCTEURSREUNISSCC,2,"Les Traducteurs réunis S.C.C. | Les Traducteurs réunis, S.C.C.",264443.00
KEYSTONESUPPLIESINTERNATIONAL,2,Keystone Supplies International Ltd. | Keystone Supplies International Ltd,249158.52
TESTWORX,2,Testworx Inc. | testworX Inc,246084.00
SCHNEIDERELECTRICCANADA,3,Schneider Electric Canada Inc. | Schneider Electric Canada Inc | Schneider Electric Canada,244161.15
REGULVARCANADA,2,REGULVAR CANADA INC | Regulvar Canada Inc.,222176.08
METTLERTOLEDO,2,"METTLER-TOLEDO, LLC | METTLER-TOLEDO INC.",221439.73
TSI,2,TSI | TSI Incorporated,200228.00
LIVEWIRECATERING,2,Livewire Catering Ltd. | Livewire Catering,200000.00
ABTECHSERVICESPOLYTECHNIQUES,2,AB TECH SERVICES POLYTECHNIQUES INC. | ABtech Services Polytechniques inc.,188656.21
CARTOCANADA,2,CARTOCANADA INC. | CartoCanada Inc.,181205.65
TECHNITRAD,2,Techni-Trad Inc. | Technitrad,171924.00
SCRUTONMARINE,2,SCRUTON MARINE INC | SCRUTON MARINE INC.,171350.00
SOLUDOC,2,Soludoc inc. | SOLUDOC INC.,137970.00
INTEGRABIOSCIENCES,2,Integra Biosciences Corp | Integra Biosciences,130812.62
TALOSTECHNOLOGIES,2,Talos Technologies Inc | Talos Technologies Inc.,123381.03
NIMBLEINFORMATIONSTRATEGIES,2,NIMBLE INFORMATION STRATEGIES INC | Nimble Information Strategies Inc.,119856.75
HYPERACTIVEPRODUCTIONS,2,HyperActive Productions Inc | Hyperactive Productions Inc.,119734.80
GOODFELLOW,2,Goodfellow inc | Goodfellow Inc.,108338.24
SERVICESDETRADUCTIONTECHNIQUEFRANCISOUELLET,2,Services de traduction technique Francis ouellet | Services de traduction technique Francis Ouellet inc.,104052.50
VISTEK,2,Vistek Ltd | Vistek Ltd.,101063.69
NAPIERENGINEERING,2,napier engineering | Napier Engineering Inc.,86877.90
SANDBOXLABOITEAFILMS,2,Sandbox - La Boite a Films Inc | Sandbox – La boîte à films inc.,84655.00
MELTWATERNEWSCANADA,2,"Meltwater News Canada Inc. | MELTWATER NEWS CANADA, INC.",79107.65
CAPILANOMARITIMEDESIGN,2,Capilano Maritime Design Ltd | Capilano Maritime Design Ltd.,61769.54
FLAMANSALES,2,Flaman Sales | Flaman Sales Ltd.,32015.55
HAWORTH,2,Haworth Inc. | Haworth LTD,8788.50
TSAKISMARINE,2,Tsakis Marine | Tsakis Marine Ltd,0.00
ECOLEDELANGUESLACITE,3,École De Langues La Cité | ECOLE DE LANGUES LA CITE INC | École de langues La Cité inc,0.00
PROGRESSION3,2,Progression 3 Inc. | PROGRESSION3 INC,0.00
ALGONQUINCOLLEGEOFAPPLIEDARTSANDTECHNOLOGY,2,Algonquin College of Applied Arts and Technology. | Algonquin College of Applied Arts and Technology,0.00
KILDOONINTELLECTION,2,Kildoon-Intellection Inc. | KILDOON-INTELLECTION INC.,0.00
LIMESTONELEARNING,2,Limestone Learning Inc | Limestone Learning Inc.,0.00
NOBLEPROGCANADA,2,NobleProg Canada Corp. | NOBLEPROG CANADA CORP,0.00
22NDCENTURYTECHNOLOGIESCANADA,2,"22nd Century Technologies Canada, Inc. | 22nd Century Technologies Canada Inc.",0.00
IVEYBUSINESSSCHOOLFOUNDATION,2,IVEY BUSINESS SCHOOL FOUNDATION | Ivey Business School Foundation,0.00
INNOAGILE,2,Innoagile inc. | Innoagile Inc,0.00
WEBAGESOLUTIONS,2,Web Age Solutions Inc. | WEB AGE SOLUTIONS INC.,0.00
ACCURATEDESIGNCOMMUNICATION,2,accurate design & communication inc | Accurate Design & Communication Inc,0.00
ELEARNINGLAIR,2,eLearning Lair Inc | eLearning Lair Inc.,0.00
C4ITRAININGTECHNOLOGY,2,C4i Training & Technology Inc | C4i Training & Technology Inc.,0.00
OBJEKTIVECONSULTINGMILESTONEDIGITALMEDIACONSULTANTSINJOINTVENTURE,2,"Objektive Consulting Inc., Milestone Digital Media Consultants Inc.- in joint venture | OBJEKTIVE CONSULTING INC., MILESTONE DIGITAL MEDIA CONSULTANTS INC. - IN JOINT VENTURE",0.00
HANGAR13,2,Hangar 13 Inc | Hangar 13 Inc.,0.00
EARLYBEE,2,EarlyBee Corporation | Earlybee Corporation,0.00
3149455CANADA,2,3149455 Canada Inc | 3149455 Canada Inc.,0.00
BNHEXPERTENGINEERINGSOFTWARE,2,B.N.H. Expert Engineering .Software Inc. | B.N.H. Expert Engineering Software Inc.,0.00
REDWOODPERFORMANCEGROUP,2,REDWOOD PERFORMANCE GROUP INC. | Redwood Performance Group Inc.,0.00
KILOCOMMUNICATIONS,2,Kilo Communications Inc. | KILO COMMUNICATIONS INC.,0.00
PROMOTIONLEPINE,2,Promotion Lépine Inc. | Promotion Lépine inc,0.00
SOLUTIONSBRAINIAK,2,Solutions Brainiak Inc. | Solutions brainiak inc.,0.00
APOLITICALGROUP,2,APOLITICAL GROUP LIMITED | Apolitical Group Limited,0.00
DONOHUEBRENTTRAININGCONSULTING,2,Donohue Brent Training & Consulting | Donohue Brent Training & Consulting Inc.,0.00
POINTSNORTHDESIGN,2,Points North Design Inc. | Points North Design Inc,0.00
ANNISOSULLIVANVOLLEBEKK,2,"Annis, O'Sullivan, Vollebekk Ltd. | Annis O'Sullivan Vollebekk Ltd.",0.00
JAIMECABADAGAMBOACAROLINEDERY,2,"Jaime Cabada Gamboa, Caroline Déry | JAIME CABADA GAMBOA, CAROLINE DERY",0.00
LESVIANDESPPHALLE,2,Les Viandes PP Hallé. LTEE | Les Viandes PP Hallé LTÉE.,0.00
TALENT,2,The Talent Company Ltd. | The Talent Company Ltd,0.00
RPMINDIGENOUSGROUP,2,RPM Indigenous Group | The RPM Indigenous Group Inc.,0.00
XPERTVR,2,XpertVR Inc. | XpertVR Inc,0.00
MICHAELNOLANASSOCIATES,2,Michael Nolan Associates Ltd | MICHAEL NOLAN ASSOCIATES LTD,0.00
LELABCOMMUNICATIONS,2,Le Lab Communications inc | Le Lab Communications inc.,0.00
