unspsc_prefix,prefix_level,label,contracts,keyed_value,segment,source_url,note
781819,class,Rotary wing aircraft maintenance and repair services,1,2283021216.00,"","",""
781818,class,Aircraft fixed wing airframe heavy maintenance service,11,1327316050.32,"","",""
151015,class,Aviation fuel,103,1207002301.14,"","",""
251315,class,Commercial passenger jet aircraft,13,642210602.98,"","",""
721500,class,Specialized trade construction and maintenance services,8,522904052.04,"","",""
801015,class,Business and corporate management consultation services,37,351030036.98,"","",""
461015,class,Firearms,13,332925856.37,"","",""
461016,class,Ammunition,13,258236392.57,"","",""
811419,class,Application or technology research and development service,55,193040756.28,"","",""
461000,class,Light weapons and ammunition,16,178829760.28,"","",""
801615,class,Data archiving services,3,178260342.00,"","",""
921117,class,Military science and research,125,141484456.46,"","",""
781018,class,Relocation services,4,98495766.55,"","",""
432300,class,Software,127,97214453.68,"","",""
811100,class,Computer services,10,94263497.82,"","",""
761100,class,Cleaning and janitorial services,40,87384919.08,"","",""
521615,class,Earphone,4,65520261.47,"","",""
251117,class,Ammunition ships,4,58860674.57,"","",""
251115,class,Commercial marine craft,13,48179719.52,"","",""
721033,class,Infrastructure maintenance and repair services,2,40924355.15,"","",""
521600,class,Consumer electronics,2,39589991.66,"","",""
411100,class,Measuring and observing and testing instruments,10,39169254.63,"","",""
811400,class,Manufacturing technologies,1,32101935.32,specialized_manufacturing,"","manufacturing technologies, carved out of an R and D services family"
811122,class,Industry specific software maintenance,50,30441882.35,"","",""
721029,class,Exterior grounds maintenance,48,28951897.05,"","",""
252017,class,Aircraft cameras,5,27958370.23,"","",""
761115,class,Building cleaning services,5,26770005.07,"","",""
251017,class,Fire fighting chemical truck,3,24578137.74,other,"","fire fighting chemical trucks, a facilities purchase rather than defence manufacturing"
721015,class,Air conditioning installation or maintenance or repair service,41,22361070.28,"","",""
721512,class,HVAC mechanical construction service,17,20417335.00,"","",""
251015,class,Armored motor vehicle,6,16242282.81,"","",""
252016,class,Aircraft guidance systems,1,15541011.37,"","",""
721534,class,Rigging and scaffolding services,2,13800000.00,"","",""
811121,class,Application service providers,1,12907286.68,"","",""
251000,class,Motor vehicles,3,12456285.25,"","",""
811115,class,Software or hardware engineering,3,11127612.38,"","",""
251020,class,Armored fighting vehicles,5,11097289.49,"","",""
411137,class,Electronic and communication measuring and testing instruments,5,9038053.12,"","",""
811117,class,Demining geographical or geospatial information system GIS,3,9005527.49,"","",""
251116,class,Lifeboats or liferafts,1,8551683.50,"","",""
781815,class,Automotive and light truck maintenance and repair,34,8501853.13,other,"","automotive and light truck maintenance, not aircraft work"
721526,class,Roofing and siding and sheet metal services,6,8342751.35,"","",""
411125,class,Liquid and gas flow measuring and observing instruments,2,7840393.47,"","",""
721000,class,Building and facility maintenance and repair services,13,7671225.61,"","",""
432325,class,Computer based training software,5,7444698.79,"","",""
801600,class,Business administration services,1,7425545.40,"","",""
721527,class,Concrete installation and repair services,3,6927000.00,"","",""
801616,class,Information technology IT management services,1,6780000.00,"","",""
811119,class,Database information retrieval,22,6733623.52,"","",""
251100,class,Marine transport,5,6295787.92,"","",""
721545,class,Crane maintenance and repair service,7,5734257.45,"","",""
721513,class,Aircraft painting service,4,5698452.65,"","",""
251119,class,Marine craft systems and subassemblies,9,4840349.36,"","",""
432326,class,Analytical or scientific software,15,4700877.47,"","",""
721510,class,Boiler and furnace construction and maintenance services,8,4696771.04,"","",""
252000,class,Aerospace systems and components and equipment,3,4518172.23,"","",""
251019,class,All terrain vehicles tracked or wheeled,14,4046379.20,"","",""
811416,class,Logistics,1,4000000.00,"","",""
811120,class,Data conversion service,2,3953578.35,"","",""
252018,class,Flight computer systems,2,3850965.58,"","",""
811418,class,Equipment inspection service,6,3573809.99,"","",""
921100,class,Military services and national defense,4,3203419.97,"","",""
252019,class,Aircraft escape or ejection systems,8,2862832.58,"","",""
721533,class,Service station equipment installation and maintenance services,1,2625000.00,"","",""
721021,class,Bird proofing services,8,2553956.80,"","",""
781820,class,Water transport vessel maintenance and repair services,2,2314512.87,other,"","water transport vessel maintenance, not aircraft work"
251321,class,Military drone,20,2138082.82,uncrewed_autonomous,"","military, law enforcement and agricultural drones. broken out of family 2513 because tagging at family grain would hide the entire uncrewed capability inside an aircraft family"
761116,class,Air duct cleaning,7,1581996.45,"","",""
411136,class,Electrical measuring and testing equipment and accessories,1,1264508.52,"","",""
811415,class,Materials or product inspection,5,1199447.50,"","",""
151000,class,Fuels,2,1192932.42,"","",""
811125,class,Computer software licensing service,1,981868.30,"","",""
432315,class,Business function specific software,4,971151.92,"","",""
461017,class,Ammunition handling systems,2,898084.11,"","",""
781816,class,Panel and paint services,3,862312.50,other,"","panel and paint services, not aircraft work"
721519,class,Masonry and stonework services,1,860000.00,"","",""
721515,class,Electrical system services,5,855000.00,"","",""
811118,class,Proprietary or licensed systems maintenance or support,2,853072.20,"","",""
411122,class,Temperature and heat measuring instruments,2,838003.21,"","",""
521616,class,Audio visual equipment accessories,1,816011.76,"","",""
411145,class,Mechanical instruments,1,772680.22,"","",""
251016,class,Sludge or sewage handling trucks,1,724500.00,other,"","sludge and sewage handling trucks, a facilities purchase"
411153,class,Light and wave generating and measuring equipment,4,717897.71,"","",""
432323,class,Business intelligence and data analysis software,3,672395.94,"","",""
801016,class,Project administration or planning,1,654408.13,"","",""
781800,class,Transportation repair or maintenance services,5,628051.74,other,"","generic transportation repair, not specific to aircraft"
251300,class,Aircraft,2,561209.65,"","",""
411115,class,Weight measuring instruments,2,479266.73,"","",""
721540,class,Specialty building and trades services,6,345000.00,"","",""
721542,class,Instrumentation installation maintenance and repair services,2,324067.96,"","",""
461018,class,Arms and ammunition accessories,1,303607.27,"","",""
781017,class,Marine cargo transport,1,300000.00,"","",""
251021,class,Truck tractors,1,300000.00,other,"","truck tractors, a facilities purchase"
411142,class,Land surveying instruments,3,297002.10,"","",""
251118,class,Canoes or kayaks,2,213249.91,"","",""
252025,class,Aircraft hydraulic systems,1,199149.30,"","",""
251317,class,Reconnaissance or surveillance aircraft,2,180800.44,"","",""
721521,class,Acoustical and insulation services,1,165148.20,"","",""
411118,class,Non destructive examination equipment,1,148717.04,"","",""
781021,class,Water transport,1,114000.00,"","",""
721546,class,Animal habitat and enclosure construction and maintenance services,1,102009.44,"","",""
801000,class,Management advisory services,2,78751.00,"","",""
411152,class,Radar and sonar systems and components,2,75682.75,"","",""
811123,class,"Printer, scanner and multifunctional equipment maintenance",1,64274.45,"","",""
411133,class,Liquid and solid and elemental analyzers,1,49035.00,"","",""
411117,class,Viewing and observing instruments and accessories,1,42063.84,"","",""
721518,class,Machine installation and maintenance and repair services,3,29867.25,"","",""
721511,class,Plumbing construction services,1,0.00,"","",""
721524,class,Window and door installation and erection services,1,0.00,"","",""
721529,class,Structural steel erection services,1,0.00,"","",""
411119,class,Indicating and recording instruments,1,0.00,"","",""
721536,class,Interior finishing and furnishing and remodeling services,1,0.00,"","",""
7818,family,Aircraft fixed wing airframe heavy maintenance service,56,3622643996.56,aerospace,"","aircraft maintenance is 99.7 percent of the family, measured. the remaining 0.3 percent is truck, vessel and paint work"
1510,family,Aviation fuel,105,1208195233.56,other,"","aviation fuel is a consumable, not aerospace industrial capability. counting it as aerospace would make fuel a fifth of that number"
4610,family,Ammunition,45,771193700.60,specialized_manufacturing,"","firearms, ammunition and ammunition handling"
4612,family,Missiles,2,721777185.73,specialized_manufacturing,"",missiles
2513,family,Aircraft,37,645090695.89,aerospace,"",aircraft. drones sit in class 251321 and are tagged separately
7215,family,Acoustical and insulation services,79,593826712.38,other,"",""
8010,family,Business and corporate management consultation services,40,351763196.11,other,"",""
2500,family,Commercial and Military and Private Vehicles and their Accessories and Components,4,257449958.63,specialized_manufacturing,"",military and commercial vehicles
8114,family,Application or technology research and development service,68,233915949.09,other,"",""
8016,family,Business administration services,5,192465887.40,other,"",""
8111,family,Application service providers,95,170332223.54,other,"",""
9211,family,Military science and research,129,144687876.43,other,"",""
2511,family,Ammunition ships,34,126941464.78,other,"",""
7611,family,Air duct cleaning,52,115736920.60,other,"",""
4323,family,Analytical or scientific software,154,111003577.80,other,"",""
5216,family,Audio visual equipment accessories,7,105926264.89,other,"",""
7210,family,Air conditioning installation or maintenance or repair service,112,102462504.89,other,"",""
7810,family,Marine cargo transport,6,98909766.55,other,"",""
5100,family,Drugs and Pharmaceutical Products,6,84454258.60,other,"",""
2510,family,All terrain vehicles tracked or wheeled,33,69444874.49,specialized_manufacturing,"","motor vehicles, including armored motor and armored fighting vehicles"
4111,family,Electrical measuring and testing equipment and accessories,36,60732558.34,other,"",""
2520,family,Aerospace systems and components and equipment,20,54930501.29,aerospace,"","aircraft cameras, guidance, flight computers, ejection and hydraulics"
8100,family,Engineering and Research and Technology Based Services,14,51295878.99,other,"",""
2611,family,Batteries and cells and accessories,10,48703179.07,other,"",""
9010,family,Banquet and catering services,32,48102498.03,other,"",""
8116,family,Cloud-based software as a service,18,44351726.90,other,"",""
4615,family,Armored weapons storage container,11,43361622.85,other,"",""
8011,family,Labor training or development,14,40186142.59,other,"",""
5011,family,Meat and poultry products,44,34062339.34,"","",""
7214,family,Construction equipment rental or leasing service,30,32901602.23,"","",""
3124,family,Industrial optics,4,32309853.51,"","",""
8600,family,Education and Training Services,19,30895770.09,"","",""
7612,family,Garbage collection or destruction or processing or disposal,38,30408510.59,"","",""
6010,family,Basic math operations and numeration resources and materials,7,29912628.26,"","",""
8613,family,Curriculum development service,30,25948788.32,"","",""
5019,family,Packaged combination meals,18,25911997.04,"","",""
9011,family,Camping and wilderness facilities,31,24177110.94,"","",""
7200,family,Building and Facility Construction and Maintenance Services,14,23962254.83,"","",""
4322,family,Cable modems,28,22509959.54,"","",""
8110,family,Architectural engineering,17,19853236.83,"","",""
4410,family,Cleaning solutions for office equipment,10,19626871.65,"","",""
3116,family,Bolts,12,17523816.98,"","",""
4110,family,Laboratory and scientific equipment,31,16167874.44,"","",""
2610,family,Diesel engines,11,15683617.53,"","",""
3200,family,Electronic Components and Supplies,2,15114360.82,"","",""
2410,family,Conveyors and accessories,45,13786688.05,"","",""
5300,family,Apparel and Luggage and Personal Care Products,1,13108000.00,"","",""
8612,family,Educational institutions,17,12049356.60,"","",""
4712,family,Cleaning equipment accessories,7,11540742.41,"","",""
7311,family,Wood and paper industries,2,11402855.80,"","",""
2411,family,Bags,18,11143607.02,"","",""
1213,family,Explosive materials,5,10802474.70,"","",""
4611,family,Grenades,1,10462290.55,"","",""
4016,family,Air filters,3,9277372.45,"","",""
5310,family,Clothing,12,9249449.21,"","",""
2210,family,Aerial lifts,24,7432989.51,"","",""
5010,family,Nuts and seeds,9,7375000.00,"","",""
5511,family,Electronic catalogs,46,7303905.00,"","",""
8610,family,Agriculture and forestry and other natural resources training services,15,7179693.07,"","",""
5312,family,Equipment cases,5,7044961.08,"","",""
4619,family,Fire alarm systems,6,7000656.69,"","",""
3213,family,Electronic hardware and component parts and accessories,2,6864181.64,"","",""
3017,family,Doors,10,6821076.79,"","",""
5611,family,Commercial and industrial furniture,6,6151831.88,"","",""
2518,family,Product and material trailers,7,6019881.30,"","",""
4010,family,Air circulation and parts and accessories,12,5799906.80,"","",""
9111,family,Domestic and personal assistance,27,5677862.90,"","",""
3015,family,Fencing,4,5570097.37,"","",""
4912,family,Camping and outdoor equipment,4,5398275.05,"","",""
4319,family,Personal communication devices,3,4890586.88,"","",""
2519,family,Air transportation support systems and equipment,14,4855831.29,"","",""
2324,family,Lathes and turning centers,16,4702923.04,"","",""
7811,family,Chartered bus services,20,4691670.72,"","",""
8517,family,Funeral and associated services,1,4478901.90,"","",""
4616,family,Life vests or preservers,7,4284683.31,"","",""
7212,family,Automotive garage and service station construction services,7,4030297.15,"","",""
2318,family,Industrial food and beverage equipment,2,4000000.00,"","",""
7610,family,Asbestos removal or encapsulation,10,3712468.76,"","",""
8013,family,Commercial or industrial facility rental,9,3638563.50,"","",""
3012,family,Asphalt,4,3379269.11,"","",""
2517,family,Electrical components,10,3255594.53,"","",""
1511,family,Propane,9,3157493.50,"","",""
4100,family,Laboratory and Measuring and Observing and Testing Equipment,5,2971608.97,"","",""
7318,family,Coating services,4,2943000.00,"","",""
4617,family,Closed circuit television CCTV system,10,2753552.68,"","",""
7700,family,Environmental Services,2,2653072.36,"","",""
2300,family,Industrial Manufacturing and Processing Machinery and Accessories,4,2576603.26,"","",""
4321,family,Biometric identification equipment,10,2556664.11,"","",""
1214,family,Ammonia,7,2542787.32,"","",""
2315,family,Assembly machines,15,2489911.97,"","",""
7113,family,Other oilfield pumping services,1,2477169.00,"","",""
9212,family,Fire alarm maintenance or monitoring,5,2379102.40,"","",""
9514,family,Prefabricated buildings and structures,6,2360633.14,"","",""
7813,family,Refrigerated storage,1,2341456.05,"","",""
4300,family,Information Technology Broadcasting and Telecommunications,4,2192026.64,"","",""
2600,family,Power Generation and Distribution Machinery and Accessories,3,2179272.52,"","",""
3011,family,Aggregates,3,2149788.54,"","",""
8212,family,Printing,4,2111863.27,"","",""
4015,family,Compressors,10,2030716.35,"","",""
8213,family,Aerial photography services,3,2027015.32,"","",""
7713,family,Oil spillage control services,1,2000000.00,"","",""
2327,family,Welding and soldering and brazing machinery and accessories and supplies,5,1946235.16,"","",""
8413,family,Employee assistance programs,1,1918395.11,"","",""
4512,family,Camera parts and accessories,5,1861755.72,"","",""
4620,family,Defense and law enforcement and security and safety training equipment,8,1855338.96,"","",""
8211,family,Academic or scientific article writing,3,1842828.42,"","",""
9513,family,Grandstands and bleachers,6,1811647.54,"","",""
5510,family,Newspapers,9,1783292.94,"","",""
1235,family,Compounds and mixtures,4,1767022.48,"","",""
4920,family,Aerobic training equipment,15,1595014.77,"","",""
7814,family,Aerodrome or airport or aviation facility operations service,4,1536050.00,"","",""
3016,family,Cabinetry,11,1502785.80,"","",""
3018,family,Plumbing fixtures,3,1470000.00,"","",""
3912,family,Electrical boxes and enclosures and fittings and accessories,8,1434240.24,"","",""
1300,family,Resin and Rosin and Rubber and Foam and Film and Elastomeric Materials,2,1341947.90,"","",""
2325,family,Metal bending machines,5,1327663.22,"","",""
4215,family,Dental equipment and supplies,1,1287048.01,"","",""
8017,family,Corporate sponsorship,6,1199068.47,"","",""
5000,family,Food Beverage and Tobacco Products,20,1183641.50,"","",""
5610,family,Accommodation furniture,15,1172859.02,"","",""
4711,family,Industrial laundry and dry cleaning equipment,3,1133713.60,"","",""
8310,family,Supply of water,3,1106163.21,"","",""
8500,family,Healthcare Services,1,1088596.80,"","",""
7315,family,Electrical equipment maintenance and repair service,8,1012000.00,"","",""
8000,family,Management and Business Professionals and Administrative Services,1,999609.30,"","",""
4217,family,Mobile medical services airway management equipment,1,985642.50,"","",""
9000,family,Travel and Food and Lodging and Entertainment Services,3,967603.95,"","",""
8513,family,Medical science and research,1,965790.00,"","",""
2711,family,"Agriculture, forestry and garden handtools",8,955600.55,"","",""
4618,family,Decontamination aids and safety cleaning equipment,9,939296.19,"","",""
7712,family,Toxic gas detection services,4,867197.41,"","",""
5600,family,Furniture and Furnishings,2,866461.26,"","",""
4924,family,Playground equipment,4,857484.25,"","",""
7812,family,Forklift rental or leasing service,5,825135.84,"","",""
9200,family,National Defense and Public Order and Security and Safety Services,1,784000.00,"","",""
4220,family,Medical computed tomography CT or CAT systems and related products,1,768399.81,"","",""
7000,family,Farming and Fishing and Forestry and Wildlife Contracting Services,2,749277.03,"","",""
4600,family,Defense and Law Enforcement and Security and Safety Equipment and Supplies,3,746094.35,"","",""
4710,family,Incinerators,5,731593.91,"","",""
4917,family,Gymnastics and boxing equipment,1,700000.00,"","",""
2400,family,Material Handling and Conditioning and Storage Machinery and their Accessories and Supplies,3,685700.02,"","",""
4510,family,Printing laboratory equipment and accessories,4,683626.68,"","",""
2413,family,Blast chiller,6,673894.23,"","",""
2014,family,Storage vessels and tanks,2,671040.52,"","",""
8115,family,Land surveying,2,655524.21,"","",""
8516,family,Medical or surgical equipment repair,1,639139.58,"","",""
5612,family,Book browser units,2,628617.12,"","",""
7017,family,Water resources development and oversight,2,627178.57,"","",""
4014,family,Fluid and gas distribution,3,603738.34,"","",""
3024,family,Tent and membrane structure framing and covering components,3,575592.13,"","",""
1112,family,Non edible plant and forestry products,1,570873.93,"","",""
1512,family,Engine oil,15,525136.80,"","",""
1117,family,Basic steels,1,489502.44,"","",""
7800,family,Transportation and Storage and Mail Services,1,461751.90,"","",""
1111,family,Sand,1,459000.00,"","",""
3215,family,Control indicating and signaling devices,2,437806.51,"","",""
3125,family,Pneumatic and hydraulic and electric control systems,1,432400.00,"","",""
9014,family,Commercial sports,1,355046.72,"","",""
4810,family,Food preparation equipment,2,345106.96,"","",""
7710,family,Risk or hazard assessment,1,345000.00,"","",""
4914,family,Scuba and snorkeling gear,4,342484.84,"","",""
8014,family,Events management,4,338153.90,"","",""
6013,family,Brass instruments,7,337305.63,"","",""
7011,family,Arborist services,3,335610.00,"","",""
2320,family,Mass transfer equipment,1,329332.91,"","",""
3010,family,Plate,3,326249.61,"","",""
5214,family,Domestic laundry appliances and supplies,2,321360.38,"","",""
4713,family,Cleaning and janitorial supplies,5,305018.82,"","",""
4621,family,Work area marking and visual indicators,2,302152.44,"","",""
1019,family,Pest control products,1,293800.00,"","",""
2010,family,Cutting equipment,2,292622.54,"","",""
4320,family,Components for information technology or broadcasting or telecommunications,1,287493.85,"","",""
4412,family,Embossing tools,2,256400.64,"","",""
2012,family,Sand control equipment,1,246163.25,"","",""
3121,family,Paint applicators and painting accessories,1,240916.00,"","",""
2110,family,Agricultural and forestry and landscape machinery and equipment,3,230881.95,"","",""
1310,family,Thermoplastic plastics,1,229950.00,"","",""
2712,family,Hydraulic machinery and equipment,2,227591.04,"","",""
4922,family,Sports equipment and accessories,3,222677.99,"","",""
5210,family,Rugs and mats,2,222532.60,"","",""
5030,family,Fresh fruits,21,221757.00,"","",""
4900,family,Sports and Recreational Equipment and Supplies and Accessories,4,212909.75,"","",""
5213,family,Blinds and shades,4,206616.07,"","",""
4714,family,Toxic and hazardous waste cleanup products,1,204561.00,"","",""
5013,family,Dairy products and eggs,22,194556.00,"","",""
4800,family,Service Industry Machinery and Equipment and Supplies,1,192376.85,"","",""
2100,family,Farming and Fishing and Forestry and Wildlife Machinery and Accessories,1,191083.03,"","",""
4915,family,Winter sports equipment,2,188630.58,"","",""
4700,family,Cleaning Equipment and Supplies,4,184133.59,"","",""
2321,family,Electronic manufacturing and processing machinery,1,179900.44,"","",""
3913,family,Wire Markers and Wire Marking Devices,1,178026.14,"","",""
7613,family,Toxic and hazardous waste cleanup,1,169387.00,"","",""
7012,family,Animal health,1,164114.68,"","",""
7714,family,Environmental laboratory services,3,161000.00,"","",""
8512,family,Medical doctor specialist services,1,156660.00,"","",""
2310,family,Machinery for working wood and stone and ceramic and the like,2,156227.27,"","",""
2312,family,Textile processing machinery and accessories,2,152075.62,"","",""
2323,family,Bandsaws and accessories,2,148796.15,"","",""
5212,family,Towels,1,145316.91,"","",""
3910,family,Lamp Ballasts and Lamp Transformers,2,138953.27,"","",""
5500,family,Published Products,1,138897.00,"","",""
2328,family,Metal cleaning machinery and supplies,1,135600.00,"","",""
4200,family,Medical Equipment and Accessories and Supplies,1,126018.90,"","",""
1115,family,Fibers and threads and yarns,1,119583.38,"","",""
2330,family,Wire working machinery and equipment and accessories,1,118965.20,"","",""
9512,family,Transport buildings and structures,1,107211.54,"","",""
3900,family,Electrical Systems and Lighting and Components and Accessories and Supplies,1,96804.85,"","",""
8312,family,Information services,1,94448.75,"","",""
7316,family,Manufacture of transport equipment,1,89677.60,"","",""
4411,family,Drafting supplies,1,88248.48,"","",""
3127,family,Machine made parts,1,86201.21,"","",""
1015,family,Grass and forage seeds and seedlings,2,65377.50,"","",""
4811,family,Vending machines,1,64449.00,"","",""
3000,family,Structures and Building and Construction and Manufacturing Components and Supplies,2,61687.80,"","",""
2200,family,Building and Construction Machinery and Accessories,1,59199.57,"","",""
9100,family,Personal and Domestic Services,2,56000.00,"","",""
8210,family,Advertising,1,50000.00,"","",""
6000,family,Musical Instruments and Games and Toys and Arts and Crafts and Educational Equipment and Materials and Accessories and Supplies,1,42485.05,"","",""
3013,family,Sound proof block,1,39550.00,"","",""
5512,family,Decals,2,38056.95,"","",""
2700,family,Tools and General Machinery,1,36135.52,"","",""
4115,family,Clinical laboratory instruments,1,35000.00,"","",""
2714,family,Automotive specialty tools,1,34280.44,"","",""
3026,family,Plastic bars and sheets,1,29210.00,"","",""
7313,family,Food and beverage industries,3,3.00,"","",""
4230,family,Aids for medical training,4,0.00,"","",""
8200,family,Editorial and Design and Graphic and Fine Art Services,1,0.00,"","",""
8611,family,Alternative educational systems,3,0.00,"","",""
7015,family,Forestry,1,0.00,"","",""
1236,family,Pharmaceutical drug precursors,1,0.00,"","",""
7314,family,Fabrics and leather production,1,0.00,"","",""
1010,family,Live animals,1,0.00,"","",""
8311,family,Television services,1,0.00,"","",""
1200,family,Chemicals including Bio Chemicals and Gas Materials,1,0.00,"","",""
4511,family,Video and combination video and audio presentation equipment and hardware and controllers,2,0.00,"","",""
4118,family,"Immunological testing systems, components, and supplies",1,0.00,"","",""
5215,family,Domestic kitchen supplies,1,0.00,"","",""
7014,family,Integrated pest management services,1,0.00,"","",""
